{
  "q_table": {
    "(0, 0, 0, 2, 1)": [
      12.386433476897945,
      4.223886247723383,
      5.092365639626552,
      8.355456766800788,
      0.0,
      1.0465031518377403,
      9.932146880411844,
      2.2974129780842536
    ],
    "(0, 0, 0, 2, 0)": [
      -25.425762099106535,
      -19.784431637575285,
      -29.381442519575067,
      -16.291748153169564,
      -28.34702475037863,
      -5.199901031036583,
      -23.544588862790466,
      -28.60550712100637
    ],
    "(1, 0, 1, 2, 0)": [
      -1.560273819867044,
      -3.384599636970017,
      -2.700459860822245,
      0.25782607939410296,
      7.243574611999906,
      -1.5427437456755735,
      -0.09395654857487157,
      -3.472863597909948
    ],
    "(1, 0, 1, 1, 0)": [
      0.9575599974203772,
      -3.1156211270427336,
      -1.5937189788128974,
      -1.8735291674575898,
      7.53542413119588,
      -1.4112739401218106,
      -3.132594579207286,
      -0.9890938965941573
    ],
    "(1, 0, 2, 1, 0)": [
      -3.807630447407645,
      -3.8587283603512432,
      -4.6634953976666225,
      -3.6887240641327317,
      -0.4563276078221661,
      -4.0355803524784175,
      -3.922573356902286,
      -4.930527935495799
    ],
    "(0, 0, 1, 2, 0)": [
      -3.3206809401254036,
      -0.8143406490164709,
      -0.8327737199416803,
      -0.9190768111577027,
      0.362492118166879,
      -1.244374969405339,
      -0.937615727009683,
      -0.9892495371274513
    ],
    "(1, 1, 1, 2, 0)": [
      -0.42371916503339413,
      0.18932325360798719,
      -0.48762377650904,
      0.6169778598399995,
      2.666436737255098,
      -0.19683592889481577,
      0.331823733836949,
      0.10371561685762154
    ],
    "(1, 1, 2, 2, 0)": [
      -2.048954433519393,
      -2.2290268405193157,
      -2.232420650195984,
      -1.9695771032060814,
      -2.486977098684223,
      -3.169361351560644,
      -1.964357607950896,
      -2.0622049729760636
    ],
    "(1, 2, 2, 2, 0)": [
      -2.880428459645826,
      -2.8687736823124794,
      -2.869253922847098,
      -3.678324964920133,
      -2.195343504848816,
      -1.3319193799077984,
      -2.6904164079734794,
      -2.7934420921206042
    ],
    "(2, 2, 2, 2, 0)": [
      -16.22753018940501,
      -20.14951476301448,
      -19.898090223940173,
      -5.4431842400835935,
      -18.389125833517422,
      -17.60535428203832,
      -16.053072154221717,
      -21.317331234949823
    ],
    "(0, 1, 0, 2, 0)": [
      -16.80305144255911,
      -15.147029278830516,
      -16.044197106607832,
      -14.094290579393563,
      -15.47499764547463,
      -13.19165425001054,
      -17.02155085942448,
      -15.045106471522452
    ],
    "(0, 1, 1, 2, 0)": [
      -4.1043777471099,
      -1.4790966033177755,
      -1.3770625507471304,
      -1.2500508835894186,
      -1.8309218674968917,
      -1.4852085234755257,
      -1.2468863400202521,
      -1.5240666717602527
    ],
    "(0, 2, 1, 2, 0)": [
      -8.791226521854057,
      -6.4474141793937765,
      -6.25247365936254,
      -8.933188237599747,
      -6.699926297233274,
      -6.340541378361006,
      -5.509267476534695,
      -6.6232066901974065
    ],
    "(1, 2, 1, 2, 0)": [
      1.0672990778769584,
      0.31494487750970457,
      1.6462010417692277,
      3.920773569465191,
      0.624004290684115,
      0.0,
      1.3612677250901797,
      0.0
    ],
    "(1, 2, 2, 2, 1)": [
      -31.372628457822866,
      -9.942663711546423,
      0.0,
      -28.027615659770728,
      -45.3466675487706,
      -51.12824575141646,
      -37.16215815524386,
      -49.76716034264855
    ],
    "(2, 2, 2, 2, 1)": [
      5.814648442251527,
      -0.037576742154882936,
      -2.3108733670341346,
      1.7497816904943004,
      6.570815046774158,
      6.608855522033945,
      3.8968545319602086,
      2.365790146320638
    ],
    "(2, 1, 2, 2, 1)": [
      5.668936103086236,
      4.752866929890505,
      1.2235303345357553,
      3.691708163717236,
      0.0,
      5.144206140369774,
      5.432445948083467,
      0.0
    ],
    "(2, 1, 2, 2, 0)": [
      -21.303699521240283,
      -21.540790089973445,
      -21.477299051543813,
      -21.538573889674442,
      -12.709462328547124,
      -21.85450602554023,
      -20.517968881242705,
      -21.702412508721984
    ],
    "(1, 0, 0, 2, 0)": [
      -35.622103610272916,
      -35.20536687195244,
      -35.5343822306389,
      -36.038011125592085,
      -28.09064121691199,
      -34.872120520717324,
      -36.3574274507609,
      -27.810862330024758
    ],
    "(1, 0, 0, 1, 0)": [
      -2.8181126675831245,
      -2.8746170854192927,
      -3.5619718615733253,
      -3.2966882296497566,
      0.527773064299121,
      -3.944548119673893,
      -2.8836729102612497,
      -3.2187111281448137
    ],
    "(1, 1, 0, 1, 0)": [
      -2.8989721005013567,
      -2.283562227462293,
      -2.458097635987011,
      -2.817331562037852,
      -3.098606498496803,
      -2.5763302121876857,
      -3.5542037904657224,
      -3.1922347313280324
    ],
    "(1, 1, 0, 2, 0)": [
      -23.303739379369425,
      -25.8740037119645,
      -23.43540426297843,
      -23.124300544459196,
      -21.346620421189165,
      -21.654794087990688,
      -23.166622521573856,
      -25.673452938108028
    ],
    "(1, 1, 1, 1, 0)": [
      2.211029000898755,
      -0.3556957866466385,
      -0.3307317500749512,
      0.27380741238804823,
      3.3869024861211496,
      -0.20138354496257926,
      0.23126332455358864,
      -0.19938744951952975
    ],
    "(1, 2, 1, 1, 0)": [
      -0.7933527353537442,
      -2.839091301778401,
      0.0,
      -1.1106401101988972,
      0.0,
      -0.12547793333333318,
      0.0,
      0.0
    ],
    "(2, 2, 1, 1, 0)": [
      -1.4434127927261888,
      -0.52975260998564,
      -1.459289574877901,
      -1.7902285248859848,
      -2.1243802677034704,
      -2.387697728546856,
      -2.588559754267047,
      0.0
    ],
    "(2, 2, 1, 2, 0)": [
      -13.13509655579928,
      -13.252732850492887,
      -13.162774288860584,
      -13.524081402296915,
      -13.32287898822044,
      -13.410535470830162,
      -13.486882082850705,
      -13.162681765964612
    ],
    "(2, 2, 2, 1, 0)": [
      -4.4416114349952736,
      -4.766506906938151,
      -5.666527033443472,
      -0.1559035446247033,
      -5.048470915497134,
      -4.536269558027658,
      -4.535345647305291,
      -4.614812770325903
    ],
    "(2, 2, 2, 1, 1)": [
      -3.147078760865857,
      -0.6867520496415782,
      -1.907487695460639,
      1.0133923561696712,
      -5.797981566118736,
      -2.0937880305458534,
      -1.2930240498881105,
      0.0
    ],
    "(2, 2, 2, 2, 2)": [
      -38.07435722572991,
      -26.55190407282807,
      -12.534984807897418,
      -40.111758785756095,
      -31.98541744750138,
      -23.60164471418966,
      -41.67058197372299,
      -25.646700493496944
    ],
    "(2, 2, 2, 1, 2)": [
      -7.5426629975817665,
      0.0,
      0.5862275148853247,
      0.01292318813424212,
      0.6182532729373902,
      0.0,
      0.32260292865441254,
      0.0
    ],
    "(2, 1, 1, 2, 0)": [
      -12.868196186419492,
      -12.96540154526036,
      -13.163725678817855,
      -12.910474447570445,
      -12.890375137376425,
      -12.572795858691611,
      -13.145701330797579,
      -13.094974202581676
    ],
    "(0, 2, 0, 2, 0)": [
      -26.5974470108923,
      -5.215908148298288,
      -5.7993952787243135,
      -8.10064880203825,
      -26.297221337511225,
      -29.08561944142754,
      -5.595140840375116,
      -25.614891191626114
    ],
    "(0, 1, 1, 1, 0)": [
      -1.3908607075791928,
      -1.103916499571766,
      -0.6516529571370566,
      -0.8975491767487542,
      -0.586082,
      -0.9491065671248335,
      -0.5981062520437881,
      -0.6052362356250001
    ],