{
  "q_table": {
    "(0, 1, 1, 2, 1)": [
      30.7862577001333,
      2.68951634176527,
      8.03789111430591,
      4.665022392728809,
      0.0,
      0.0,
      31.536811595314614,
      6.208760419324868
    ],
    "(0, 0, 0, 2, 1)": [
      31.859509393420623,
      9.537442076264531,
      16.670173783169986,
      28.18644677728146,
      0.0,
      0.0,
      30.080291385393124,
      0.0
    ],
    "(0, 0, 0, 2, 0)": [
      38.775482305156025,
      22.661148991277482,
      26.14348346280065,
      23.14489368195138,
      -3.615719234850084,
      10.182132461526194,
      24.041332692092972,
      3.47244493004537
    ],
    "(1, 0, 0, 2, 0)": [
      58.10366734970958,
      23.895071984797415,
      21.424299870474528,
      40.880890668928885,
      -1.0403967233425706,
      6.002897721827209,
      43.39814384776902,
      7.466111422845621
    ],
    "(1, 0, 1, 2, 0)": [
      74.04895839208466,
      17.744320491533678,
      16.013674776334987,
      63.198714299327,
      8.580822525704512,
      28.637252913500607,
      66.56448596768684,
      0.0
    ],
    "(1, 0, 1, 1, 0)": [
      64.51199252028886,
      9.167003661819026,
      8.786828259497328,
      65.60969285505011,
      0.0,
      12.523195172206805,
      44.918724716949505,
      0.5164490028607214
    ],
    "(1, 1, 2, 1, 0)": [
      87.34733170223097,
      13.082561499546948,
      15.531915947860343,
      63.52150261511462,
      0.0,
      14.502758708618853,
      70.96928593247966,
      15.977833304031225
    ],
    "(1, 2, 2, 1, 0)": [
      120.99161853077148,
      0.0,
      25.06653863813937,
      103.6196143012141,
      24.51082528244295,
      53.01043059188855,
      114.13212241489263,
      7.955879688057755
    ],
    "(2, 2, 2, 1, 0)": [
      155.3636110424528,
      51.06093207667035,
      50.64391088243133,
      117.26961000168046,
      34.902703206794556,
      184.43392962562018,
      147.58061564216197,
      33.30345949634996
    ],
    "(2, 2, 2, 0, 0)": [
      61.262052072434685,
      0.0,
      0.0,
      0.0,
      0.0,
      0.0,
      0.0,
      0.0
    ],
    "(2, 2, 2, 0, 1)": [
      0.0,
      0.0,
      0.0,
      0.0,
      0.0,
      33.00773812362077,
      124.33480789288816,
      0.0
    ],
    "(2, 2, 2, 1, 1)": [
      185.1209398411509,
      60.55393627105322,
      65.21436702865168,
      178.76247510384127,
      61.961232821173354,
      162.67450057282048,
      246.67152975180358,
      27.133628641981172
    ],
    "(2, 2, 2, 1, 2)": [
      216.4151565015081,
      10.729827782796972,
      0.0,
      14.294663867341939,
      19.19923073684671,
      68.7997178471029,
      50.02691726664072,
      0.0
    ],
    "(2, 2, 2, 0, 2)": [
      4.4173680419661165,
      0.0,
      0.0,
      0.0,
      0.0,
      0.7207133898954119,
      0.0,
      0.0
    ],
    "(2, 0, 1, 1, 0)": [
      18.090777439192106,
      0.0,
      0.0,
      0.0,
      0.0,
      0.0,
      1.6399607222974892,
      0.0
    ],
    "(2, 0, 2, 2, 0)": [
      16.359033904939018,
      9.047178250809019,
      -2.591270613545356,
      13.409918010844802,
      129.88466417712698,
      19.290384577191077,
      38.39776639522908,
      110.845776050375
    ],
    "(2, 0, 2, 1, 0)": [
      121.75415824517839,
      0.0,
      0.0,
      43.73305971709878,
      0.0,
      44.05616979844117,
      16.717583865630253,
      0.0
    ],
    "(2, 1, 2, 2, 0)": [
      95.79138205294285,
      30.97845359341848,
      -0.24383980005863215,
      75.8066642562134,
      -7.717484979484172,
      110.11794732687628,
      60.35993801617363,
      43.5411694404792
    ],
    "(2, 1, 2, 1, 0)": [
      92.04706884868374,
      -0.9526715264912735,
      11.59716826858969,
      46.58450129580766,
      166.04164132200358,
      147.23988433820023,
      80.39113736358348,
      7.268164306375402
    ],
    "(2, 2, 2, 2, 0)": [
      148.82022674936022,
      -2.3329137872453423,
      47.17701830449192,
      147.8705909193038,
      48.82549129156676,
      148.6076130085141,
      150.18853827470352,
      2.804647183385887
    ],
    "(2, 2, 2, 2, 1)": [
      228.90917985962074,
      136.28834027314562,
      67.79883098616133,
      188.53737538393943,
      42.551279492727375,
      209.21545409929243,
      221.86868798804423,
      21.323849682625355
    ],
    "(2, 0, 1, 2, 0)": [
      -3.7897131569882214,
      -2.855602345511455,
      -2.9984395129306805,
      17.73932433836218,
      -3.0169336659748804,
      -3.6008136659748815,
      -3.5017998839895332,
      -1.3076936751581694
    ],
    "(2, 1, 2, 2, 1)": [
      13.866598777371841,
      5.960666326878928,
      0.0,
      10.18616222254818,
      0.0,
      15.023074647496525,
      149.08737118762392,
      0.0
    ],
    "(2, 1, 2, 1, 1)": [
      82.33842873764992,
      0.0,
      8.03417335043258,
      20.90481213931949,
      0.0,
      11.24942093507504,
      8.140270102159514,
      0.0
    ],
    "(1, 1, 0, 2, 0)": [
      7.512594508736951,
      -4.160589382177477,
      -0.48428436206072667,
      5.098895395889139,
      34.93528611000005,
      0.0,
      11.033984882152767,
      0.0
    ],
    "(1, 1, 0, 1, 0)": [
      0.3101275749199024,
      0.0,
      0.0,
      0.0,
      0.0,
      0.0,
      1.9415796282416673,
      0.0
    ],
    "(1, 1, 1, 2, 0)": [
      3.6279726964430203,
      0.0,
      68.39608193298378,
      15.266195626949774,
      0.0,
      0.0,
      18.095228196317294,
      0.0
    ],
    "(1, 1, 1, 1, 0)": [
      70.03816502381636,
      0.0,
      0.0,
      2.548515757948291,
      0.0,
      0.0,
      2.7118311326719042,
      0.0
    ],
    "(2, 1, 1, 1, 0)": [
      1.3823796838934483,
      0.0,
      0.0,
      0.0,
      0.0,
      0.0,
      0.0,
      0.0
    ],
    "(2, 1, 1, 2, 0)": [
      -3.2791481696930243,
      -2.4936710431445723,
      -4.8687495128494955,
      4.34357435419474,
      -3.048422972609348,
      -3.8925874030616283,
      -4.124015722566766,
      -4.5871437600879
    ],
    "(2, 1, 0, 2, 0)": [
      0.4669343894629323,
      -4.790641835665527,
      -7.7668654215470205,
      -7.262057213850803,
      -5.59354834425503,
      -5.103703732393477,
      -5.945190550782655,
      -6.634946685015276
    ],
    "(2, 2, 0, 2, 0)": [
      -11.411270334367849,
      -12.829231319699247,
      -10.081026440000944,
      -10.086970409097551,
      -11.015228991936429,
      -3.493259465460466,
      -13.568058600308508,
      -10.080591646469955
    ],
    "(0, 1, 0, 2, 0)": [
      13.936169523916668,
      4.144482115934663,
      -2.974248434455842,
      13.362517324325445,
      1.6837596528803944,
      -4.296098397481874,
      17.71026622862509,
      -1.5974167591297321
    ],
    "(0, 2, 0, 2, 0)": [
      19.57876776703544,
      -3.7776144163164056,
      6.664326871199315,
      8.763971987649448,
      5.272988532809517,
      7.106416490808637,
      20.800711180974236,
      34.82573016065027
    ],
    "(0, 2, 1, 2, 0)": [
      14.398325630603729,
      -8.967368210058941,
      32.73623099167255,
      11.90302115293189,
      -2.8646956010263818,
      -4.700815090159842,
      7.2637567401393195,
      -2.0042157826013147
    ],
    "(0, 2, 2, 2, 0)": [
      47.223784809221854,
      13.553189165049012,
      25.056109068187926,
      56.88744881574902,
      112.33403860536521,
      36.89032394664703,
      103.33872142817066,
      5.87273136897749
    ],
    "(1, 0, 0, 1, 0)": [
      0.0,
      0.0,
      0.0,
      0.0,
      0.0,
      0.0,
      4.951861117750797,
      0.0
    ],
    "(2, 0, 0, 2, 0)": [
      -8.741530865254104,
      -5.243936391801192,
      -1.5045711405827018,
      -5.555752455425933,
      -6.098512321469661,
      -4.541852083297763,
      -3.3112639600655367,
      -3.6191244100521445
    ],