{
  "q_table": {
    "(0, 0, 0, 2, 1)": [
      11.146320028880437,
      4.223886247723383,
      5.092365639626552,
      8.355456766800788,
      0.0,
      1.0465031518377403,
      9.932146880411844,
      2.2974129780842536
    ],
    "(0, 0, 0, 2, 0)": [
      -25.425762099106535,
      -19.784431637575285,
      -29.381442519575067,
      -13.647164116460036,
      -28.34702475037863,
      -6.6314948111747825,
      -23.544588862790466,
      -28.60550712100637
    ],
    "(1, 0, 1, 2, 0)": [
      -1.560273819867044,
      -3.384599636970017,
      -2.700459860822245,
      0.25782607939410296,
      7.243574611999906,
      -1.5427437456755735,
      -0.09395654857487157,
      -3.472863597909948
    ],
    "(1, 0, 1, 1, 0)": [
      0.9575599974203772,
      -3.1156211270427336,
      -1.5937189788128974,
      -1.8735291674575898,
      7.53542413119588,
      -1.4112739401218106,
      -3.132594579207286,
      -0.9890938965941573
    ],
    "(1, 0, 2, 1, 0)": [
      -3.807630447407645,
      -3.8587283603512432,
      -4.6634953976666225,
      -3.6887240641327317,
      -0.4563276078221661,
      -4.0355803524784175,
      -3.922573356902286,
      -4.930527935495799
    ],
    "(0, 0, 1, 2, 0)": [
      -3.3206809401254036,
      -0.8143406490164709,
      -0.8327737199416803,
      -0.9190768111577027,
      0.362492118166879,
      -1.244374969405339,
      -0.937615727009683,
      -0.9892495371274513
    ],
    "(1, 1, 1, 2, 0)": [
      -0.42371916503339413,
      0.18932325360798719,
      -0.48762377650904,
      0.6169778598399995,
      2.666436737255098,
      -0.19683592889481577,
      0.331823733836949,
      0.10371561685762154
    ],
    "(1, 1, 2, 2, 0)": [
      -2.048954433519393,
      -2.2290268405193157,
      -2.232420650195984,
      -1.9695771032060814,
      -2.486977098684223,
      -3.169361351560644,
      -1.964357607950896,
      -2.0622049729760636
    ],
    "(1, 2, 2, 2, 0)": [
      -2.880428459645826,
      -2.8687736823124794,
      -2.869253922847098,
      -3.678324964920133,
      -2.195343504848816,
      -1.3319193799077984,
      -2.6904164079734794,
      -2.7934420921206042
    ],
    "(2, 2, 2, 2, 0)": [
      -16.22753018940501,
      -20.14951476301448,
      -19.898090223940173,
      -5.4431842400835935,
      -18.389125833517422,
      -17.60535428203832,
      -16.053072154221717,
      -21.317331234949823
    ],
    "(0, 1, 0, 2, 0)": [
      -16.80305144255911,
      -15.147029278830516,
      -16.044197106607832,
      -14.094290579393563,
      -15.47499764547463,
      -13.19165425001054,
      -17.02155085942448,
      -15.045106471522452
    ],
    "(0, 1, 1, 2, 0)": [
      -4.1043777471099,
      -1.4790966033177755,
      -1.3770625507471304,
      -1.2500508835894186,
      -1.8309218674968917,
      -1.4852085234755257,
      -1.2468863400202521,
      -1.5240666717602527
    ],
    "(0, 2, 1, 2, 0)": [
      -8.791226521854057,
      -6.4474141793937765,
      -6.25247365936254,
      -8.933188237599747,
      -6.699926297233274,
      -6.340541378361006,
      -5.509267476534695,
      -6.6232066901974065
    ],
    "(1, 2, 1, 2, 0)": [
      4.0821316765287365,
      3.934898167535774,
      4.585142612861539,
      3.920773569465191,
      0.624004290684115,
      0.0,
      4.179659478080492,
      0.0
    ],
    "(1, 2, 2, 2, 1)": [
      22.429465201006153,
      0.0,
      0.0,
      1.6894433880145618,
      5.066148487429253,
      1.3519745396202207,
      9.647749969335976,
      0.3923321677731254
    ],
    "(2, 2, 2, 2, 1)": [
      23.443968251276292,
      9.689181364922069,
      6.783282009401938,
      26.8758755120109,
      6.570815046774158,
      19.910639391623373,
      36.84988384786672,
      10.726780420970655
    ],
    "(2, 1, 2, 2, 1)": [
      5.668936103086236,
      14.462051115537639,
      1.2235303345357553,
      3.691708163717236,
      0.0,
      9.064887477758173,
      5.432445948083467,
      0.0
    ],
    "(2, 1, 2, 2, 0)": [
      -21.303699521240283,
      -21.540790089973445,
      -21.477299051543813,
      -21.538573889674442,
      -12.709462328547124,
      -21.85450602554023,
      -20.517968881242705,
      -21.702412508721984
    ],
    "(1, 0, 0, 2, 0)": [
      -35.622103610272916,
      -35.20536687195244,
      -35.5343822306389,
      -36.038011125592085,
      -26.345313471336723,
      -34.872120520717324,
      -36.3574274507609,
      -34.979599584398485
    ],
    "(1, 0, 0, 1, 0)": [
      -2.178212552320009,
      -2.8746170854192927,
      -3.5619718615733253,
      -2.7724296245931943,
      3.9358110623891376,
      -3.944548119673893,
      -2.6039648870130074,
      -3.2187111281448137
    ],
    "(1, 1, 0, 1, 0)": [
      -0.5741566114392618,
      -2.283562227462293,
      -1.6954199246377302,
      -1.8449313957335618,
      -0.3665162885909689,
      -0.444184587749324,
      -1.0830767718456575,
      -1.2023006145874742
    ],
    "(1, 1, 0, 2, 0)": [
      -23.303739379369425,
      -25.8740037119645,
      -23.43540426297843,
      -23.124300544459196,
      -21.346620421189165,
      -21.654794087990688,
      -23.166622521573856,
      -25.673452938108028
    ],
    "(1, 1, 1, 1, 0)": [
      2.211029000898755,
      -0.3556957866466385,
      -0.3307317500749512,
      0.27380741238804823,
      3.3869024861211496,
      -0.20138354496257926,
      0.23126332455358864,
      -0.19938744951952975
    ],
    "(1, 2, 1, 1, 0)": [
      9.16351290539171,
      0.0,
      0.0,
      3.162715884623218,
      0.0,
      -0.12547793333333318,
      0.0,
      0.0
    ],
    "(2, 2, 1, 1, 0)": [
      0.6395641369894778,
      1.4031383717693113,
      0.0,
      0.0,
      0.0,
      0.0,
      0.0,
      0.0
    ],
    "(2, 2, 1, 2, 0)": [
      -13.13509655579928,
      -13.252732850492887,
      -13.162774288860584,
      -13.524081402296915,
      -13.32287898822044,
      -13.410535470830162,
      -13.486882082850705,
      -13.162681765964612
    ],
    "(2, 2, 2, 1, 0)": [
      -4.4416114349952736,
      -4.766506906938151,
      -5.666527033443472,
      -0.1559035446247033,
      -5.048470915497134,
      -4.536269558027658,
      -4.535345647305291,
      -4.614812770325903
    ],
    "(2, 2, 2, 1, 1)": [
      9.2825568002866,
      3.0999877869583967,
      2.5089763077181466,
      11.682716127039635,
      1.2611012410637672,
      2.4513630978543657,
      29.437504815224738,
      0.0
    ],
    "(2, 2, 2, 2, 2)": [
      4.241345509815591,
      0.08253798901905601,
      0.0,
      3.2517354097112547,
      0.0,
      11.731651133121357,
      3.0823915600724927,
      0.34840388601107936
    ],
    "(2, 2, 2, 1, 2)": [
      3.3483734449069384,
      0.0,
      0.5862275148853247,
      0.01292318813424212,
      0.6182532729373902,
      0.0,
      0.32260292865441254,
      0.0
    ],
    "(2, 1, 1, 2, 0)": [
      -12.868196186419492,
      -12.96540154526036,
      -13.163725678817855,
      -12.910474447570445,
      -12.890375137376425,
      -12.572795858691611,
      -13.145701330797579,
      -13.094974202581676
    ],
    "(0, 2, 0, 2, 0)": [
      -5.365282879310019,
      -5.215908148298288,
      -5.7993952787243135,
      -8.10064880203825,
      -5.340625911669305,
      -5.442862702588528,
      -5.595140840375116,
      -4.96891927484641
    ],
    "(0, 1, 1, 1, 0)": [
      -1.3908607075791928,
      -1.103916499571766,
      -0.6516529571370566,
      -0.8975491767487542,
      -0.586082,
      -0.9491065671248335,
      -0.5981062520437881,
      -0.6052362356250001
    ],
    "(0, 2, 1, 1, 0)": [
      -1.1354878416482275,
      -0.6715449635095834,
      -0.6304871990905001,
      -1.415474471308225,
      -0.6325006929089,
      -3.2637907788522784,
      -0.6648081586741063,
      -0.9591637955839655
    ],